,nama,ulasan,label
9,UTUT SUPRATMANTO,ngalamin susah login transaksi hapus instal ulang login bisabisa,0
13,Sope Cies,vocer dipakaiehh pesan batal prank vocher cek belah made indonesia,0
18,Brigitta Christa,coba sihh bisaa pake nomor beda daftar,0
21,khena,wib wib coba cek tanggal,0
31,Nengsih Aulia Devi,pakai udh vocher mlah batal sistem aneh unfollow mending pke sho,0
38,Resa Arya Prayoga,ayo kalah popularitas belah treat customer,0
45,Aldo Refiandy,ragam cari smua voucher voicher cashback smoga tingkat,0
47,siswi istiqomah,ongkir saing kyk belah gila mending cek belah mumerrr,0
48,Ozie,doang goto gojektokopedia alternatif pilih bayar via gopay blibli pilih bayar via gopay payahlah,0
52,hsa official,maaf susah login pakai tokpeddulu susah kaya,0
57,Cheii Ssa,edar data pribadi bocor alias diperjual belikan oknum laknat coba chek email salah data bocor keteranganya liput alamat email alamat ip ttl jenis kelamin alamat sesuai laknat kelola data pribadi salah telfon nagih gajelas boomung bahas,0
65,Abbo Baon,updatetp metode bayar,0
70,Vitri Pratama,pusing ribet banding laik,0
72,cie nui,ko alamt simpan bekas dropship ilang semuakan hak hapus data pribadi,0
76,Anatasya Sella Anggreini,pesan batal uang transfer beli pro nila klarifikasi prosedur pesan batal jual limit,0
79,Tyka Pimbem,ribet beli tokopediapercuma dpet diskonmau bayar pake virtual account susah mlah batalinkrna indikasi kecuranganyaelah curang coba nuyul kagaakun cma shopee kasih diskon sma cashbackpun ribett,0
84,Azas Indra,ambil saldo otomatis beli pulsa beli pulsa cek beli pulsa rbu sistem rbu badan,0
86,Mikayla Krista,bayar indomaret selesai bayar batal sistem langgar langgar apaankatanya belah keg umur kasi nilai jelek keg,0
88,rosyid rahardja,kmaren keluh gua benerin niat kaga tokokatanya cod codmana gua kaga pilih coddr kmaren gua komplen kaga gubriskalian baca nggaklulusan smua apaanjujur gua kecewa beratmending bnyak bcdtp cod gratis ongkir,0
93,irphan azhari,bayar lumayan ribet transfer mobile banking mandiri onlineshope oren,0
95,3 Jagoan,kasih bintang nyebelin banget transaksi batal akun dobel alamat wifi istri akun ganda,0
97,Amanda Aurel,emang gue batalin pesan proses pesan dasar costumer service bot nyelesaiin nyesel gue,0
102,Dihafizhkan aja.,traktiran legit nyesel beli rp manfaatin vouchernya its alright fee power merchant oke bebas ongkir nambah ui uxnya mantep parah oren customer,0
105,Paus Surabaya,bolak beli pulsa telkomsel bangetparah,0
107,Novan Nur Romadlon,nyesel banget donlod donlod sen pake vocer gilir bayar transaksi batal,0
108,Zaki Chan,kecewa bayar bri syariah cs suruh pakai metode bayar kecewa berat butuh transaksi cepat lambat,0
116,Isti Yuliani,bayar terverif batal sistem gajadi kepake voucher potong diskon hangus,0
122,dimas mahendra,semenjak gabung sejahtera mitra ngebunuh driver halus kapitaliss karya anak bangsa,0
128,Kucing Tutu,buruk seller buruk slow respon udh aktif bertaun saran udh aktif mending dinonaktifkan produk penuhin highlight spam ganggu thx,0
134,Bunga Prameswari,transaksi refund kesel kesel ready cantumkan,0
135,ecal seventeen,ongkir mahal beban wilayah timur rekom,0
139,Afry namja keipop,beli mesin jahit via tokpedkira official brand mesin jahit,0
141,Reza Mardes,kapok kirim same day chat respon komplain tunggu duit maenin fix mending pindah shoppe kapok kapok kapok,0
146,Hanifa Maulida,susah daftar msukin suruh,0
147,Dheani Indriani,males tampil ubah dalem udh bagus ikon doang akun pojok kanan knpa ganti kyk gasukaa,0
152,Elena Thiana,traktiran ambil ad cocok kecewa thx,0
154,Galih Wicaksono,kode promo payah hoaxnya mending belah,0
158,Lisnawati Ridhia,untung customer setia,0
165,silmi karimah,pake sinyal full beda oren repot sebenernya mayan dapet vocer ongkir pakai kondisi naikin bintang,0
172,Rani Nur,kasih hapus rekening gagal ngerti hapus rekening data rekening apl suka hubung,0
173,Tiara Resti Septiyani,jelek daftar klaim hadiah batal sepihaktiap beli pakai voucher potong ribu cuekin proses seller batal sombong,0
183,Puji Raharjo,hapus susah tanggal lahir dibetulkan ubah,0
187,SOFYAN DAI,bantu cari butuh seharihari,0
195,Bagus Puspito,tindak partnership ekspedisi nama anteraja rugi buyer tolong keprofesionalan anteraja cipta ekspedisi kompeten buyer tuntut ekspedisi anteraja depak partnership,0
199,intan sopianti,udh baguss cuman sedih klau login masukin kode verifikasi papa cuman masukin udh tetep udh pencet lupa kode hasil tetep masukin sad,0
202,maria messa,menu bayar error,0
211,Khusnul Khotimah,upgrade total bebas ongkir tinggal kli sisa nyesel upgrade,0
214,Cicilia Maryati,promo rp ujungujungnya batal pesan langgar kocak dasar,0
224,Edi Sudrajat,seller nakal tertib rugi,0
226,Ngatmi Sri,payah banget cod susah beda,0
234,Wiyanti Arista,gabisa daftar nmr tulis suru ngetik salah gabisa,0
236,ummy- kajang,terjelek kerjasama tipu upembatalan danamalah ngeles alasanx,0
239,Eka Noprianti,ribet batal ngutang truss tarikdana susah haduhhhh shopee,0
260,Idan Basit,akhhhh liat menu ribet lieeer ngerti liat pesan ktmu apl acak kadut,0
263,Robin Ginting,asuransinya sontoloyo fotoin bukti juni cair dana tunggu junidana cair vidiokan kawan beli asuransinua ongkos bayar printah printah vidio vidiokan sampah badan alamat kirim retur kirim kesana mukul vidiokan hancur,0
278,Habudin Oma,udh aq updet tetep bsa mentok dipembayaran mslhnya,0
286,Kaimudin Zen,hapus tokopediakarena cek udh codtanpa batas nominaluntuk kirim jawaternyata bisabeda shopee codnominal brapapun cod,0
294,Reyza Surbakti,layan buruk utama komplain solusi rugi beli,0
296,Inggit Kurnia,sengaja kasih bintang bacatokoed telat trlalu rumit kirim ylambat bngt kirim mending pake shopee telat smpe kirim pandeglang nyesel nyamau uniistal wort,0
304,Its MyRulelee,error koneksi internet unintsal instal haru uninstal kokmakin kelas,0
309,Teras Music,nyesel bangt pake transaksi tnggl detik aju claim kya duit boss dtlpon pengjauan claim nurutin omong cs transaksi selsai alhasil duit lenyaapp nyesell bngttt gedegg bngtt gilaa,0
316,Jumsa Lahat,susah daptar gantiudah susah,0
319,Satria Anu,kecewa promo rp kirim batal sistem maaf uninstall,0
321,Sohib Moh,nyediain pilih isi pulsa pilih pulsa sayang,0
325,Maulana Razak,cod pilih cod filter pencariannya,0
328,Fajar Andre 044,cod label cod pilih bayar fitur cod,0
337,janglie official,aq nyari jodo jual kecewa aq,0
348,Abi Halwa,menu redo undo jaga jaga pencet undo cari,0
349,Iko Aki,bapukhp eror log gagalpass email sesuaiapp mutu,0
355,agung ariyanto,ngalamin pake voucher udh bayar macem tolak reseller voucher sbnyak uang susah ambil lgi,0
357,muhammad masbuhin,pesan batal ribet pesan pesan orange ajah,0
360,Mul Yadi,pediasaya pesan oli motor sampaiapakah bayar cuman dimenchat batal sepihakalasan tolak bandara,0
361,Firdaono -,rating kurir melabeli kurir jamin mengarahkan beli pilih kurir serius beli pilih kurir next day status tunggu kurir jamin tulis,0
363,Imam Hidayaturrahman,error koneksi hape xiaomi note izin koneksi sdah centang sdah hapus isntal tetep error koneksi minggu teepaksa orange pelapak,0
368,Anna Samula firdaus,sampah kirim test normal oknum beli bodoh mnggunakan brg brg retur pilih kasih jual rugi beli,0
370,Inspi Rasi,sayang dagang nakalnya ready proses batal lantas proses kirim lapor pedagangnya tanggap mampus pindah,0
386,taufiq hidayah,fitur tukar indonesia indomaret error,0
387,??Sai,geblek daftar akun susah ampun paksa uninstall,0
389,Muhammad Farid adzkia,alami transaksi batal nyesal malam dibatalin langgar promo orange mantap indonesia,0
391,Azhari Asriv,ongkir dikit susah dipake banget syarat syarat kaya konsultasi dukun,0
400,Nur Yati,ngumpulin energi panen telur curi curi eggo hedeehh ko tipu atu males uninstal app juang ngumpulin energi telur sebelll bangeettttttt hiiiihhhh tolong kaya kasi nyuri detik dpet telurnya hilang curi heleehh bales tokpeddd,0
405,cour men,bobrok promo batal alas langgar syarat yuukk kawan uninstal pindah shope lazada,0
409,Wisnu Wardhana,pakai ambil promo ngabisin kuota mending uninstall,0
413,Muhammad Nur Hafiizh,tolong metode bayar via bank syariah indonesia bsi mobile banking transfer bank,0
414,siti nurjanah,sedih promo ongkir hangus kirain pake gratis ongkir,0
420,tedi,laptop singkron nomer email bodoh ecek ecek parah kalah belah singkron,0
432,daffadeva chanel,jelekkecewa kemarin plsa sdah iklas ganti niat ngasih rp bener cma gara alamat beda dibatalin sorry uninstal rugi banget rugi kuota rugi duit plsa,0
440,Fariq Kamil,screenshot kode bayar kemarin,0
449,Dede Nandar,akun daftar sandi salah sandi,0
456,Vina Silvia,kode verifikasi smpai nunggu jam klik kirim ulang kode,0
462,Dwi Prihatin,tolong hadir paylater ribet pake paylater ain daftar ribet acc dpet limit saldo,0
467,Ryan ROCK,susah ganti nomer ribet pdahal udh verifikasi id card muka tolak anak ngntddddd,0
477,Maulana Aska,usul food gojeg kalah shoppe food food gojeg nama topfood mengklik jozzz,0
478,Leo Jeremy,unggul voucher freeong xx minggu main panen telur hasil point kumpul mengindikasi pakai voucher ganda identitas pesan batal kesel banget merchant belah suka ngeblok bertanda bebas ongkir extra ongkir tanggung penuh thanks sukses,0
480,Fitrian Restu,nyari cari rebah dirumahterima kasih,0
484,Fajar Intan,promo rp waaaaw maju marketplace indonesia kalah oren,0
485,Master-Mister Jai Ahmad,dibales blabla keluh kirim tkpmesupportmainapps hahahaha,0
487,coky blabla,ayo serius akun susah buka akun loading,0
488,Suyanto Lie,minggu uang refund udh dichat suruh nunggu smpai nunggu boss kapok marketplace,0
498,Wira 256,ngebet banget melulu ribet merger nyusahin drivernya,0
502,Riski Alvian,tolong ketat seller tipu tipu seller estimasi sen dibtokped tanyain seller pesan nyasar papua bukti nyasarnya bales mesennya daerah jkt konfirmasi dri seller,0
503,Mohammad Araffa,kecewa beli tiket tgl barcod tgl email tgl juni karna transaksi loket trsb tgl juni pilih tanggal tgl emg tgl jual seblum tgl kecewa batal tgl payah kecewa berkah jacuk,0
524,Hermansyah Herman,tambahin paylater dongmasa kalah ecomer sebelahyang paylater,0
525,Nur Jamilah Harahap,mayanlah mesti cari buka app,0
533,Lely Ardesi,sihh telur curi cape cape jam buka pake curi curian aneh banget malesin curi tinggal panen ngeselin sihh,0
536,Ari Wibowo,kusutudah tf bayar tolaktrus refund rek salah jaitu duit kemanakan rek antrus duit,0
538,Shabrina Pratiwi,serius bayar briva sttus bayar batal kecewaaaaaaaaaa,0
546,DenyJr Motovlog,semenjak gabung beli goto sejahtera tindas kurir,0
560,Riza Manuela,beli pls promo tinggal bayar tbtb otomatis batal batal promo ilang pls dapet kuota abis jelajah,0
581,Budi Rahmadi,muda mudaan ilmu bermemfaat cari mantappps,0
583,Alwi M Amin,tranfer saldo dompet digital rekening bankmasak saldo terpendam tokepedia,0
585,tatan kusmiyati,jual jual sampah belah,0
588,Git Puguk,tipu bohong hadia juta dowload bohong,0
600,Yenny Fransiska,sedih banget akun pakai nomor pribadi merek bisnis malapetaka verifikasi pakai voucherpromo hapus akun hapus akun hapus akun ulang pakai rela ganti nomor jalan keluarnyaaa sesal akun,0
605,Mutiara Indria,jual sombong ngatain beli butuh beli sopan cuman nanya produk jual,0
608,Arjun Yudis Haryanto,ngalamin buruk pakai utama kirim anteraja beli tanggal kirim tanggal paket lacak diam ubah tanggal kirim kota bener kecewa,0
609,Muhammad Ganendra,mantap segi pelayannnya arogan nyekik driver gokil lahsharusnya gabung goto sejahtera promo driver sambung beli butuh goto goto butuh sellerseller butuh driver ngirim arogan,0
616,Nur Syahria,kecewa bayar batal sdgkn uang kirim alas brg uang,0
623,muzakkir,fitur ambil kota hadir opsi kirim,0
643,Artionary,skrng bugnya samarsamar akun bank knp hapus data permanent ngeri customer klik hapus kehapus,0
647,Hoer Aff,ribet banget gue cape cape bayar alfa batalin tarik saldo ribet ampun nyusahin,0
650,Mas Safii,jual nakal stock ngakunya ready proses nunggu batalkandan tmbahan paking transfer rekening,0
652,Danis Hann,screen shoot transaksi pembeliananeh batas screen shoot rusak coba pakai samaapaan cb batas butuh bukti transaksi takut bobol data urus management crnya fungsi pakai batas payah dagangkembalikan fungsi screen shoot halaman transaksipaham,0
655,Raplis No39,order batal,0
657,NOOB Universe,pake kredivo daftar menu login kredivo daftar gagal setolol,0
661,A.M.V Project,sistem cod maaf,0
678,Noviana Nur,transaksi tgl smp tgl paket seller batang pesan stok kosong tidakmemberitahu buyer,0
679,Asror Hidayat,mantapsemoga anak bangsa,0
680,Fathur Yoga,parah normal konek internet uninstall install bosen,0
683,caing NSTN,instal tipu sen duit transfer sen blok batal alesan akal padal akun gunain prakerja,0
688,Shillv Account,jelek transaksi dibatalin voucher ilang dasar tipu,0
692,Rizki Riyadi,goblogg emang syarat ketrnyuan beli srngaja langgar srbelum gua bayar kasoh goblog kaya ngambil beli transaksi gua bayar bayalin gua sk mending gua madih uang bayar gara gara dama gua bayar cancel uang gua habis goblogggg balikin duit guaa tokoidiotttttt,0
696,Glen Jantje Jonathan Runtuwene,hapus ulas gwpayahndan recomendedgagal pickup sampexmau barubarangnya tibakalian tertibkanseller agen pengantarnya untung doank,0
704,Syam Rizal,aning gua iklan bawa kesini kontol,0
722,Arif Mulyono,mundur login hangus gilir kirim data lengkap usaha bego ribet banget tutup,0
727,Andry Comunity,gue gara dpat vocer jt tpi ngeclaim kode promo,0
739,Kevin Akbar,kecewa udh beli kaos udh bayar alfa batalin beli lgi main pake diskon udh bayar alfa lgi batalin lgi rugi bayar alfa tekor kapok,0
742,MMF Vlogs,kecewa info estimasi beda ekspedisi,0
746,john herlambang,kerjasama goto rugi mitra driver insentif potong rugi kerjasama ujung tombak,0
749,Bagas Putra,pesan batal sistem otomatis nelanggar sk tera batal rugi effort bayar pesan batal,0
757,N POnoROGO,error internet putus pdhal buka apl bentar mending tutup profesional,0
764,syukri adi,berita bantu umkmujung ujung suruh anjiirrrr rp rupiah awalsekali coba sendal jepit suruh bayar ribubabiiiii pantesan mati prankdan tipu tipu,0
771,PetranSamuel,saran lazada ongkir ngotak iklan doang bebas ongkir tpi ongkir ttp ribu,0
774,Eti Supriati,cekout kode pesan screenshot bad,0
776,Endri Ã‚nsyah,goto driver sengsara sejahtera driver maaf pantes,0
780,Esa Nurtiara,sistem bayar cod pilih udh menuhin syarat,0
781,Sari astuti,pesan batal otomatis pesan salah varian batal pesan checkout pakai voucher gratis ongkir batal sistem pokok ribet shopee nyesel pakai ribet,0
782,Kuota Data,jual official store jual repack packing ulang logo official store jamin jual original rugi tolong cek oficial jual ori badge official store,0
785,Banana,gratis power bank bohong iklan power bank,0
787,Febri Budiman,kasi bintang bagus bintang,0
798,anto fit,alam complaint terimacth alami lazada alat cukur obat sesuai kasi,0
799,Tiffany Carlene,mesti pakai kurir anter pengirimannya lelet mesti pakai cepat,0
801,Ma Ma,asli suka vocer pake batalin seller batalin nyadah kapok pokok rugi saldo kaga ambil ajing kau,0
808,Yudi Presetio,bayar batal alas langgar skuang kecewabkn uang layan pengecekanunistal ajasaya haramkan install,0
811,Condro Yugantoro,sinidikirim bekas kasih ulas tokonyagak jugamalah mesti nunggu dirisupaya jebak fiturnya tinggal sebelahribet,0
813,Ai Ignister,kecewa cari batas cari cari web,0
816,MomAy momay,uang saldo ko ilang rbcek history raib notif,0
818,Tri Yani,kecewa banget seller beli sesuai order gilir balikin ongkir buyer bayar lagitolong sistem seller tanggung block,0
819,A4 Kk Pulco,ribet temu hidup ganti nohp pake ribet mati daftar pakai email pasword ujung ujung konfirmasi via notelp setingannya konyol gabener,0
828,Lucye shwarosiki,error gambarfoto produk,0
836,one the blue,sengaja bintang pake gopay bayar gopay,0
837,Deden Mohamad,error tarik saldo disuru sandi pedahal sandi,0
838,Muhammad Fathoni,bintang pesan istri batal sistem sayaistri belah lancaraja nama batal sistem beli handsfree cina promo bayar layan official jugabarang tersebutpun pakai kuponvoucher pakai maaf bintang,0
853,Iqbal Gustianda,pembohongtau nipuin susah,0
859,arman syah,bintang turun bintang ganggu,0
863,Ncong Acong,beli paket data notif cek paket data data nambah parah,0
865,z 7,stop suka sakit fitur tema gelap suka sakit stop tema gelap nyaman dingin sakit,0
870,Tsalitsiya Fadhila,ribet pesan batal jual,0
874,Afnan uwais Al latief,bohongisruh klaim vocher jta vocher trdaftarmaaf klau nyuruh bohong,0
875,Nur Salim,pesana batal sukak kesel batal ngerti,0
879,Nurul Alam S.P,dapet diskon ribu pesan batal indikasi curang curang picek kecewa,0
881,Bambang Kurniawan,bayar error mulu patah,0
888,Muhammad Afwan Hermawan,aneh beli batal sistem,0
893,diwar_019,gjls tb tb lot dipke gua buka kg lot gua buka lot,0
902,ImamSarifin Hkua muakhi,rugi driver castamer atw kirim susah hubungititik kadang sesuaiongkos murah gosen biasaterus castamer samarkanklw perbaikiintinya suruh semuan driver kasih bintang iniklw perbaki sistem nyabelum,0
904,Darma Yanti,bagus paham batal bimbingmakasih,0
905,Nick Names,fiturgame panen telur suka eror notif energi buka pilih energi game muncul teks ganggu rumah beres apps jengkelnya telur hilang gara curi funfarm lazada suka loading eror shopee tanam hasil loadingeror curi diseriusin gamenya,0
922,Oktavia Rahmawati,ngakak baca deskripsinya alhamdullilah beli lancar teruss kesini jalur bts army,0
925,ilma digital,bayar pbb kota semarang time kerjasama pajak pale wifi pake data coba ulang ulang tetep gagaldan time cek sistem troble,0
928,Shaumaza Nichole Hy,traktir rupiah php bayar batal otomatis sistem php parah ngenakin zonkkkkk,0
930,Andi Rizky,jelek checkout bayar status batal sistem uang ilang hilangin playstore bagus belah,0
933,KE NR,overall apps bagus salah anak bangsa support tokoped dipengeriman apps belah tokoped tingkat kualitas,0
934,Muhammad Luthfi,susahsusah panen telur pake alarm jam gilir tinggal dikit netes telor curi serasa dibodohin uninstall,0
935,Dedy Irawan,bayar akses error,0
936,Van Kepleh,sampah udh bayar batal otomatis parah bayar pemberitahuan skali smpama knp bayar lunas br notif pesan batal ksian sperti rmh pelosok nyari indomart susah batal jidaknya kecewa sampah kapok,0
952,Rini Gendari,kehapus anak sayaterus lagisaya paake email sayatapi masukin nomer sayatidak nomer daftar akun bantu,0
955,Ukie Dafa,baikmasa screenshot rincian beli menu izin screenshot susah gambarvideo menu komplen tolong,0
968,Eka Christina,sbnr mendat hadiah vouchersbnr aplsh paksa hapus mndtp voucher passy ad ap cmn hoax ytolong tindak udh paket,0
972,Jek Pot,maaih bego baca account vocer promo account batal,0
983,Andi Royto,dasar ngentod ajg suruh dolload gara hadiah akal dolload dasar ngentod,0
991,siti masitoh,belanjanya mager jdnya beli recommended banget mls kluar rmh,0
992,Naufal Raditya Pratama,bantu mengunduh beli item login cek item beli,0
1008,Beny Cahyadin,jual emas input nominal nol,0
1020,muhammad irfansyah putra,beli cancel bayar alfamart uang tua,0
1021,johan resubun,bintang sru google ambil hdiah juta malahsdh downloaddan jugamalaharahan melulukecewa,0
1026,moch hilmi,suruh gratis dibatalkankatanya penuh syarat syarat promoudah maksa suruh,0
1035,Fuad Wibowo Sahil,ud kadarluarsa ud aktif mending blokir hapus situs,0
1036,Rafli putra,beli rp voucer pakai pesan pertamamu pesan dibatalin gara gara akun akun cuman akun goggle,0
1037,Yulia Haimi,kecewa voucher ad hany zonkawas kubur mu sempit,0
1038,Denny Adrian,cancel beli discount disc kasih voucher akunkalau deteksi alamat ko cancel kasian tinggal kasian dagang php,0
1043,Yuli Nana,gmna ambil hadiah ko klaim ttp,0
1048,Oktaviaokta Via,kecewa pesan batal otomais alas,0
1055,solatin es,akusebel vicer melulu downlod apdet apdet ngga,0
1059,Buka Mata,updatesangat ganggu,0
1061,hilda rohmawati,login hapus chace instal ulang restart login yaudah gajadi pake apke eror,0
1062,nawi thebluse,balikin duit pesan batal balikin duit rp,0
1065,Wawan Ahmad,customer service ngga hubung pelapak rugi solusi,0
1069,Miftakul Fikri,jancooooook mu ap coook ribet kemarin susa traksaksi beli batal saldo ilang suruh login nomer kode ngisi data nol coook urus proses hukum kalu urus sekrang gelap saldo lainy pemebelian,0
1071,Iranisa Nurkhairani,jelekkkk pokok nyesel,0
1072,ARYO PAMUNGKAS,knp lot loading lambat wifi rumah mbps,0
1075,Haerul Idoel,anjg rp tenyata bayar ongkir palukka mending shopee,0
1080,Siwi Suri,pesan batal sistem,0
1090,Faisal umar Zeha,banget diperhatiin developer bingung panik didetail transaksi bayar top up pulsa cek nomer isi bayang ngisiin nomer nominal gede cek nomernya pencet pembayaranvia alfaindomart panik salah ngetik cek ulang panik notif email tera nomer tolong atasin,0
1093,Muhammad Eka Fadillah,diskon bohong,0
1099,willy boy,metode cod cod pajang jabodetabek,0
1100,Melga Titatu,parah abismau tarik saldo refund suruh sanditapi gilir sandiktanya akun sandibikin lapor jwabannya bgtu,0
1107,Zulhida Umar,label bebas ongkir rincian tagih ongkir resah,0
1109,Bayu Supardi,sorry respect admin selesai jual trickisangat berat belah sisi,0
1110,Toyib Eureka,tipu gratis hoax gua coba gagal,0
1112,Luthfi Alfansa,wahparah transaksi disinikenapa batal sepihakpembayaran,0
1117,Gusli Exopets,blokir muncul beranda cari,0
1119,Johnson Kosasih,versi potong points cash back inimasih benefit cashback potong pake point,0
1121,Montir HP Kalbar,menu bayar error,0
1136,vila agisna,app robux roblox gratis bohong suka unistal shopee beli robux itemku kecewa besarr habis gb app jelek,0
1146,Sahabat Rantau,internetnya payahpdhal app market place belah jaring sinyalsering time outpdahal sinyal full stabilbnyak keluh konsumen,0
1150,Rosiandri Wijanofa,tokopoint jarang dapet point point contoh grab food banget maksa point dapet pakai males cari untung maksa banget,0
1152,Fery Keyboardist,inikenapa batal batal verifikasi nyambung bangtharusnya pake verifikasi lagikita batal beli batal,0
1161,Hidup & Sejarah,panen telur nunggu nyempetin sia bener tipu,0
1168,Jeky Nor rifa'i,sedia hapus,0
1169,El Chanel,pakai vocher ribet batal beli,0
1174,Muharam Birahim,akukasi bebar kasi bintang tipu jatanya samsung ngatau ambilnya dimanamendingan hpaja utu jelasdasar tipu,0
1177,Hikmatul Maulidiyah,rugi udh bayar batal mending belah sgt sahabat kyk ush didownload diaplikasi belah kecewa alas identitas emg poin identitas knp kasih poin knp hrs batal udh bayar knp checkout bayar batal rugi udh rugi rugi uang,0
1183,rey naldo,bantu cari butuh,0
1187,noer ali azhar,buruk keluh danatau complain selesai,0
1193,Diana Safitree,parah banget order rupiah batal uninstall tipu tolong google langgar rp rupiah,0
1195,Bung Mahdi,devlopernya sanggup bayar pelanggannya cenderung mintak uang rakyat jelata link palsusertifikat palsuperusahaan piktif tipu rakyat kategori usaha miskin,0
1199,Ardi Suhardi,cari user maksa iming hadiah klaim susah,0
1203,Khoiril Adzim,beli pulsa bolakbalik halaman checkout kebayarbayar ngeselin,0
1208,Mang Utay,parah tipu kedok diskon bayar batal,0
1212,Rina Wan,sistem daftar checkout rp batal tunggu daftar checkout camat camat sistem,0
1213,Tante Airin,maksudny gmana order daldo balikin yapadahal potonganini jual bohong yaudh isi lagiaplikasi,0
1219,Wakhidin Wakhidin,huu nyesel pdhl promo tpi pesan batalin asli nyesel badan kuota,0
1222,IRwanz G-Maisty,gagal proses bayar via,0
1224,Insan Muhamad,seller niat jual tindak estimasi kirim bom kirim seller dichat robot bales nyesel banget,0
1234,Ambo Dalle,uang refund dapet voucer freeong teknik marketing voucer hangus gagal uang refund akun,0
1237,puji pangestu,sistem tracking aneh error cek resi kurir beda,0
1239,Panji Irawan,jelaspemaksaan buka nyasar wibke pulsa jelaspemaksaan,0
1240,Khamim musafak Musafak,kotak asli gana,0
1243,Nugroho Hariadi,ori belah,0
1249,Prasastya Ningrum,pencet bayar layar blank putih beranda diupdate,0
1253,susy ariska putri,hrs install dipake alas sambung internet pdhl data nyala ganti pake wifi,0
1255,Jamillah 123,tibatiba batal saldo tarik sandi rugi langgan stupid,0
1256,Sekar Arum Kinanti,sulit dipake paham navigasi bingung tampil beli ecomerce belah,0
1257,Nur Abdurahman,tolong admin hapus sistem cod kasihan kurir marah custumer ngerti cod tolong hapus,0
1260,Kenzie Yafiq Hamizan,mengakomodir buyer rugi mngeluarkan ongkir retur brg salah seller tnggl akomodir seller rugi salah buyer opsi terima tolak retur brg salah buyer realisasikan,0
1265,Slara Sami maryunih,gabung pilih promo,0
1274,Tutun Turmudi,bagus bangettapi boong hayuuu palpalepaleee jelek,0
1303,Dian Aj,beda belah ribet cumman harga lumayan,0
1304,MUHAMMAD ADAM ALAMSYAH,daftar bayarin bebas ongkos kirim,0
1306,Hafa Iriyanto,lom blanjamember cari butuh,0
1307,Andrey Supiono,bayar tagih air gagal dana potong,0
1317,Andry Paliandra,swatu program tawar tinggal merealisasi swatu rencana swatu review distandarkan,0
1318,try artha,gua bandingin shopee gua kasih nilai ajar transaksinya ribet transfernya banget perhati digit nominal pusing marketingnya kacau buka lapak shopee pajak rangin kasih komisi jual gabung beda sistem investasi mending pakai untung,0
1319,suwanto kusuma,liat komentar jelek betulin,0
1329,Devika Dwi,nipuuu dapet vocer jt ternyataa msukin kode dapet vocer jt tipu menggiur kann mendownloadd rugi kuota senenggkirain dapet vocer jt apus mnding shoope,0
1333,f2 brother,jelek ngelag lemoot tolong,0
1337,Aprilliona Refania Edisa,susa verifikasi wajah minsampe gel butuh upgrade power merchant pro,0
1340,Ogushikun,bintang bingung sistem batal pesan refund bayar pesan account virtual,0
1346,ABI Al khasani,bagus banget wajib nggak nyesal,0
1359,giovanni a.k,dapet voucer masukin kode,0
1381,Rasi Ta,dapet cashback ribet bnyak syarat bnyak promo ganggu,0
1382,Erna Tri,ribet,0
1384,Risman Nara,lot mkin bagus lot,0
1385,Billy Bolang,condong kepihak seller customer anak tirikan pengadil hati pakai uang taruh berat belah harap keluh kesah konsumen perhati,0
1386,ratna wati,sya gabung,0
1394,rujakspesial bambu1000,daftr pediadan langgan ktanya gratisdlm mmbeli pertamatpi knyataannya ujung sruh byar,0
1396,sultan elsamba,main panen telur versi tampil potong tgl halang simbol boneka pake topi tgl hadiah hangus kaya dicurangi sisa energi hangus kecewa,0
1398,Miazawa Amoorea,server salah gabisa dipake laaah kmren,0
1400,joni dipamada Soenoe,ganti susah mauk selarang nisa pakai akun,0
1407,Migha Hermansyah,fungsi komplain ditanggepin hubungin costumer service susah sampah,0
1409,Ohim Fatvrohim,kecewa batal sistem,0
1417,Arie scorpion,gabung nyiksa driver harga mausiawi sekolah hati otak hidup jnggnn kaya pohon pisang hti jantung titik oranga,0
1420,Achmad Raihan C.7,bagus bayar belit belit bayar pakai akun bank verivikasi uang saldo akun dibelanjain ribet transfer rekening,0
1439,Anton achmad mulyana,nanya suruh klaim bener kotak diskon,0
1443,Heru Cokro,susah login panen telur ilang,0
1449,Muhammad Rofiqul Anwar,singkat belah sumpah,0
1455,Udinese,pesan rp btalkan sepihaktrus alas batal promo barupadahal make tokopediadah males pake,0
1459,Segy Renz,kocak gabisa tarik dana gara password customer servis lamban problem udh solved,0
1460,Riki cahyono,males gabisa checkout rp batal,0
1461,wawan production,tolong admin produk realmeoppovivo hapus produk demo posting realmeoppovivo demo beli pusing nyari new produk,0
1462,Hany Nisha,alhmdllh nyangka ngomng lgi,0
1466,Iwan Prastiyo,bug kasih ulas error,0
1471,Paijo Budoyo,sulit ku memamahi amplikasi cari erti ketik cari letak faham harap maklum ajar cari cari,0
1480,irfan sodikin,jelek shopee,0
1481,Katatakarin Allam,barusan salah alamat fast respoj,0
1482,Budi Nugroho,susah error pembaruantambah error susah,0
1486,Serba ada,cari rokok pdhal orange pink,0
1491,Sahabat Kolagen,upgrade ulang lot kuota penuh kesedot loadingnya buka jaring hengpon,0
1492,Arif Hidayat,lot payah,0
1493,Itha Azura,ganggu,0
1513,dian anggara,bangst susah penuh memory sya ajha,0
1516,ziyad al-khoir,responnyaudah butuh cepat kaga minus bintang yabiar jeblok,0
1529,Bambang Junior,koneksi time jaring aman diaplikasi gabung belet najis,0
1533,Putra Balangsak,jelek lgi ngacomau susah bngetbuka apl youtube lancar,0
1538,mini studio _08,ngisi biodata susahan hebat,0
1546,Wan'z Yuli Sarwanto,voucher pakai contoh pakai bayar listrik masukin kode muncul akun penuh syaratsyarat sk baca semuahuuuu bohong belaka,0
1547,kupra silaot,susah banget gagal,0
1550,Salma Azzahra,app dihp ganggu diupdate susah promo paket data gabisa,0
1555,RXLOOPTUZ92,ganggu,0
1557,Re Charmoeck,abis lot hedeehhh,0
1558,Odih Agam,maaf turun bintangnyatetiba pesan batal mending beli belah,0
1559,Yadi Y'dhot ablahu,eror bayar bayar,0
1560,yessy,knp click aju komplain,0
1561,odo ronodo,trlalu canggih lot muter muter mulu,0
1563,Karsono Mail,eror apl,0
1567,Goldenfishbetta,komplenan pembelipenjual cepat direspon bukti cukupkan bukti dilampirkan tetep tindak ijo ngedepanin layan,0
1569,usep iman,akulaku paylater belah ntti tambahin bintang,0
1571,Zahra Ramli,kesan pakai bagus error pakai datawifisemua tampil koneksi internet ganggu,0
1579,Fahril Alamsyah,tingkat bayar batal sk pemberitahuan bayar biaya admin,0
1589,Zulpen hendri,foncer jt suruh doulod amplikasinyahahalucu,0
1591,Lintang Aji,jelek bayar sen ambil,0
1596,Sz Official,jelek banget suka jelek bangettttt percaya ginian netizen boonk hayukkk,0
1597,Andry@gmail.com Alamudi,bantu butuh,0
1601,Ria Gustina,ko stiap blanja pake kupon diskon nyampe batal niat mnding kasih php uang saldo sia sia alas karna penuh syarat kasih kuponnya cekout kepake dibenerin sistem kemarin pacar kaya alas bnr bnr kecewa,0
1605,Icann Kun,jelek sebal review,0
1609,Rizky F,sia,0
1610,Odoy 507,ko lot topet,0
1615,dflash multimedia,checkout mampus,0
1618,Xjarjit Look,tipu sma bru beli voucher bayar pesan batal ajah parah jngan,0
1621,Adi Syifa,alamat diketemukanuang terbayar bsa cari lokasi map notelponalamat terteragk,0
1626,Didi Wahyudi.amiiin2 ya Allah,bohong hadia sial,0
1627,Audio Tone,checkout susah error order susah,0
1635,cokie Art,pake diskon sangka curiga refound susah rugi,0
1647,Radits chanel,wokeeee jamin tipu tipu,0
1653,abah surif abah,mudah butuh,0
1657,Ari Musari,hadia ambil,0
1659,syam firdauzt,ngikutin arah bpumbni ujung suruh donlod uninstal,0
1671,Rosita Hafizah,pesan batal dngan nyahuhu,0
1676,Marakut T Marbun,ksih bintang akhirakhir chekout pesan error melulu plis,0
1685,Broto Channel,pa kabar kirimanku juni status henti anter khoq kabar selesai,0
1686,Yudha Udho,gajelas banget dahdi suruh malh,0
1692,Mbok Muji,focer php,0
1698,Pick Fajar,menu bayar loading error time,0
1708,Rinto satorama,transaksi batal saldo tarik suruh sandi sandi keterangannya akun milik sandi anehh anehh rugi uang hilang lenyap,0
1709,Husin Al-Nizam,kecewa berat tokopediadari malam udh transaksiudh bayar ehtau batal sepihakjadi maless beli tokopediasering alami ginidan cek komentar problemnyatolong market place terbaikpermasalahan secepatnyaini salah tokopediaklo beli pakai voucher ish kasih voucherdan dibatalkn tolong tranfer sesuai ditransfer,0
1717,Andi lukman Hakim,ambil hadihnya penasaran nil hubunqi hubung suara ygmaudianqkat tel pon pon sel ku,0
1720,SASA Poli,jelaskasi promo php doangdi batal sistempadahal alamat asli pake baruselamat tinggal,0
1726,sahid aktob mudilulail,bayar error juni pakai kuota data pake wifi,0
1749,Gusti Rima Noviansari,kesel bayar taux cancel uangx pake refund jebak uangx sna dpake,0
1753,Suliz Tiyono,rugi transaksi batal saldo biaya admin indomaret percaya,0
1760,Andi Wijaya,jelek boonk bagus,0
1765,yogiye01,sistem bayar,0
1766,Purwadi aja,salah layan sejajajar kelas sukses,0
1770,Nanda Amelia,maap dapt pocer gmna ambil,0
1780,Asih Sunarsih,batal,0
1781,Mama Lubo,yaampun nyesel bngt udh liat ulas jelek ulas percaya nekat instal nyesell banget giur lancar sen proses dibatalin pake alesan sistem apala gajelas pngen bnyak instal sumpah nyesel bngt badan badan paket,0
1782,Su Padih,kk kode voucer,0
1791,Diah Cahya,layan bagus bingit,0
1795,Laura Salsabila,semenjak covid butuh onlin mudah,0
1802,Yakub KC,bukti hoax,0
1806,Wahyu Pujianto,batal pesan sistem beli sungguh sungguh,0
1812,EGI SETIAWAN,kecewa paksa sistem upgrad upgrad selesai mesan jaringannya down,0
1835,Abdul Rasyid,agk susah info,0
1837,Agus Maulana Lana,iphone suruh,0
1852,Agus Rusu,ribet,0
1854,Sandalu kiri,nyesel gue blanja apps iniudah bayar cek dibatalin sistem tokoped huu,0
1857,Andi Renda,akun google pemberitahuan voucr topet instal nol nama usaha nipu nipu,0
1865,Ela Elloy,gasuka banget upgrade akun gabisa buka verifikasi kode otp nomer aktif,0
1876,Meisa Nuraeni,kacau balau kalah lazada shopee dapet gratis coba batal otomatis sistem cod kacau pilih bayar,0
1885,Putri niken auliya Auliya,taiii nga ad diskonnya jngan cobain nyesel asuuuuuuuu,0
1891,Santo Souvenir,kirim kode prefikasi mn,0
1892,Andri Dani,metode bayar lengkap,0
1897,TPA Nurul Huda,ko komen negatif ragu pake,0
1917,Hernanda 41,tarik pilih ribet,0
1921,drh.chandra dwi,eror mulu bayar gmna,0
1923,Ndries Andrie,saran malesin memori bengkak fiturnya simple az dikit perbarui fitur cape,0
1939,Muhammad Marvel,olshop error pilih bayar error time djancccoookk,0
1951,Maeda Rani,tipu kecewa promo rupiah tf ongkir batal uang gabisa tarik kecewa sebal gausah daftar app,0
1953,Samin Nimas,butuh,0
1954,Rahmat Yulianto,kecewa gratis ongkir batal,0
1955,DK-69 Chanel,bohong diskon klik kaga unistal,0
1979,Safran kaukabi,males bangetga cod,0
1981,Yanto Sugiarto,sangan bantu musim pandemi,0
1996,Mussin Jack,hadiah undian,0
1997,zulfikar rhamdani,icon ilang,0
2011,Dada Ng,kerain geragis boong mending lazada soopyy,0
2041,Eric Desada,jalan test fitur panen telur habisin kuota jamin telur menetas ilang curi suruh ulang fitur bagus,0
2048,Yulius Bambong,emang layan tpi mn uang pulsa bilangxa dapaat uang pulsa tpi,0
2054,Hilbi Salim,notifdpt hadiahvoucher php boring aza nich,0
2058,M. Qorry .D,suka suka metode bayar kode otp pulsa kode otp modal beli pulsa ganti kirim kode otp via whatsapp pesan tarif pulsa kasih kasih,0
2069,Aditya Alief,bgus cs pokok nyesel,0
2077,Raden Ilham,bodoh publik gratis rp hahahahaha gilir bayar ongkir batal nyari bintang,0
2083,Siti Nurkholifah,promo rp beli dikecewakan pesan batal tokopediaa maklum error kendala pesan batal langgar kecewa rekening narik saldonya,0
2084,Hideyoshi Haruka,jelek pesan batal otomatis,0
2094,Anime Lovers,bagus mending belah,0
2096,[BRO] Umarabi,menu metode pembayarannya knp ganti brivai ajahadeuh,0
2110,Buyung Kumara,baguswalau gabung,0
2111,karisma karisma ayu ningsih,malam order kartu sakti lembar suruh transfer uang uang transfer tautau imel batal alas kecewa banget,0
2113,Salwa Salsabila,bagus cuman ribet pake promo dikasii gamau rugi ngasi ngerugiin,0
2116,Gili Wantoro,voucer paham ngambilnya suruh ngecek tkp mesupportmainapps tpi knpa bsa,0
2117,Yuliana Nguru Diu,sakit hati tipu ktny twny nipu brengsek bngt mna hpny kmu mng kurangajar pmbhong tipu,0
2120,Alesis Koko,jelek jam sore susah dapet gosend complain customer admin handle solutip,0
2126,M. Andhy Ramadhan,ribet alamat doang dibatalin pesan rugi ratus ribu ribu,0
2135,calon YouTube,cmn susah narik saldo karnakan kaga rekening,0
2146,Saudara Kitaa,bagus apli kasinya beman faat,0
2158,Jhon Brian,payah pesan batal alas logis gara pake vocher mending kasih voucher ujung batal,0
2164,amar ahsani,tukang boong ngadain promo rupiah ndk direspondari php blnja bnyak was blnja mending beli,0
2172,Froogst 540,pesan cancel sistem langgar males,0
2177,Ndoro Mas,klaim asuransi tagih pdam internet bayar uang asuransinya klaim respon indikasi tipu klaim tgl juni tgl info desak dokumen jengkel cs hubung tkpmesupportmaintappstsa link versi google,0
2178,BurHan Udin,bagus karna cari slalu adah,0
2184,Kholis Nor,ribet mutu skali apl koyok ruwet,0
2185,Iwa Kartiwa,tolong hapus data data sayasy pnya bjs npwp,0
2186,Catur Setiyanto,notifikasi yahanya hadiahsetelah cek hadiahnyacoba cek belah sistem inisetahu kecuali disinikalau ganggu kanyamanan riilnya hadiahnyabisa nilai buruk,0
2187,Nur Rahmawati,tolong fto udh maw daftar maw ambil hadiah ktanya fto pegang fto asli gagal dta stu tolong hapus salah awas klaw salah segan lapor sbarnya curi data,0
2200,Abg bon,buka kotak ribu ad aneh promosi rugi kota,0
2207,Saya Rotib,busuktraktiran tipu tipu belah,0
2212,Riel Djumati,trima kasih snang gabung,0
2215,Amigus _ryph99,hadiah dak maoknye ambil giaman,0
2216,Aish Bening,keren apps wajib,0
2217,Calon Youtuber,bebas ongkir limit terusmasak surabaya ketrenggalek ongkir,0
2218,Anna DF,jual berkalikali pesan kirim batal otomatis sistem batas,0
2232,Rina Padma Yani,saldo beli butuh,0
2243,Stelda Linggar,ambil hadia,0
2254,gappysugi RD,mudah aman kecewa belah,0
2258,yan mi,ko bayar menu pilih bayar error,0
2271,Ramlah Hasan,butuh beli layan andaoke teman,0
2273,nur aini,utama puas konsumenbyk jual nakal proses uang sesuai prosedur,0
2275,Inderawati Inderawati,bauuuus rugi slalu dtunggu promo bebas ongkir ribu ribu bebas ongkirnyamksh,0
2287,Dudung Permana,bayar gagal ganggu,0
2288,Yulisa homsyah,upgrade cari nyambung butuh,0
2293,Mariya Indah S,kesel banget pake transaksi bayar via bca va batal uang direfund saldo gilir proses refund atm sulit jelek,0
2299,Supriyo Priyo,knapa komplin gagalsusah mhon komplin cancel jual ganti rugi otomatis rugi,0
2302,ayen adil,tingkat terushampir puasmasih batas limit bayar tagih nihhingga tolak bayar telkom,0
2306,Reza Krukah,order langgar batal pembayaransetelah pembayaranorderan batal saldo refundterlalu merugikankarena biaya admin bayar hilang kembaliparah,0
2313,Neng Nia Kurnia,kesell bangett logiin susahh karna nomber ilangg masukk pake google nanyaiin nomberr yangg ubahh nomberr malahh biisa padahall laiin kallo masukk pake email dii tanyaiin nomberr yangg aktiif,0
2314,Hendri WiKiZa,diupdate selesai gagal main curang,0
2317,watt rezpect,gagal bayar rugi,0
2319,Darmawan Guru,bukti terperaya,0
2323,Wiranto Chiu,bayar kartu debit tolak,0
2331,Nisa Aulia,cod bayar bri dibatalin males ganggu,0
2332,M Fafa,bantu butuh,0
2335,Chacink Kooth,pesan uang kembaligimana nihsaya laporin kepihak berwajib,0
2345,Sujono Ragil,mantapppppp pediakumudah jamin,0
2350,Sahidin Depok,tolong kontrol stok beli kosong kcwa,0
2356,Sanceng Stiawan,dikecewakan hri pesan proses batal,0
2357,Ivan Firdaus,ambil hadiah,0
2362,Ujang Setiadi,sya kasi bukti hadiah,0
2371,Yadevaren Kurniawan,hoax voucher jt,0
2374,Ardhy Aryo,ambil hadiah vocher rp,0
2382,Dava Oktadi,sumpah kecewa bayar batal otomatis penuh syarat alamat nama batal udh bayar,0
2383,Swahyunni,chekout bayar knp eror mulu yak hemmm,0
2404,Dede Mursid,byme susah nyari menunya,0
2405,DIKA,sya paham suruh aplikasihx kecewa,0
2432,Dony Aryanto,bantu penuh butuh,0
2438,Rizky Sullivan,buruk notifnya nyampe ko keterima salah kurir atw,0
2448,Ma'arifah Husen IFA Husen,maaf yablm kasi ilasanbarangnya adabetul hadia ituada kasi ulas,0
2464,????,kecewa error buka salah ulang internet bagus salah coba uninstall install capek,0
2475,Art Lu-Na,cocok aktif hapus karna ganggu cari butuh main tolong tindak batal pesan bintang,0
2478,Harry Azriel,knp versi bulannya,0
2479,Agustina Ndruru,bintang karna gabung,0
2480,badar muhammad,mantab nyesel nggak,0
2485,Kungfu Komang,ulas server error liat ulas server error,0
2486,Dela A,opsional daera desa talng gerdu tanggal duaribu tanggal usi,0
2494,Nova Lahamendu,voecer ribu ap janganjangan bohong,0
2500,Suhar gundul,lot buka,0
2504,Luluk Zulaikhah,order pesan batal otomatis hasil transfer pakai bank bsi pilih mandiri syariah sistem bank bsi sistem mandiri syariah hasil transaksinya bantu,0
2508,Yusuf Arrahman,promo rupiah batal gmana nihhdan kode promo fungsi,0
2515,Kedy 3112,buka cenel uang tinggal bagusmaaf miskin,0
2516,phendy saja,transaksim bayar connection time web page not found coba screenshoot dapetnya blank hitam aju komplain instruksi mesin penjawab chaating bukti screenshoot,0
2526,Jajang Permadi,cari banding shopee lazada mudah shopee lazada layan buruk indonesia layan buruk,0
2528,Ridwan 14,bantu butuh,0
2538,Maliha Hafizh,banget kendala bayar transaksi eror bantu suruh diikutin teteap eror bisalama cek pindah belah lancar,0
2551,Vincent Oktavian,mantap abis notifnya udh ngebug overall uinya susah dipelajari gratis ongkir minimal tanda bebas ongkir rating tolong notifikasi panen telur muncul alas ganggu thx,0
2552,Arsian Psg,tipu pesan gua batalin ngebatalin gua bayar gua bayar,0
2559,Rika Bangko,sedih panen telurnya ilang kasih bintang,0
2561,Gunixstma Rolland,sayang fitur telurnya ilang panen,0
2562,Ryan Pradipta,panen telur woyyypadahal gue dikit panen ngilangasu kau,0
2566,Natan Torkis,maen game panen telur tb eror game panen telurnya rese pdhl sisa dikit br panen telurmya ngumpulin wwooyy payaaaaahhhhhh ratingw ubah panen telurnya,0
2573,Dedek Rudhiono,penetasan telur eror buka,0
2577,Pengguna Google,hahaha kasian rame tipu instal,0
2598,Elv Sandria,promo lumayan miskin jelata,0
2599,Hershin Akari,up date lot vocer kmarin usahakn developer tokopidia merespon langgan kedepanya baikklo progamnya bnar slahkn langgan kecewa tersebutdan ranting anjlok belah,0
2600,Kapten Kaderak,parah udh order batal tobat mending tetangga belah batal jual krna stok hbs situ tidk tera stok hbs batal krna penuh syarat langgar hormat,0
2602,joko saptono,order lancar lapak belah akun bajak supliernya uang terima,0
2613,Zainal Arif,bantu masyarakat pandemi covid,0
2622,Rudy Wilyanto,butuh,0
2631,Naryo Thok,hoax riil jual korban beli kecewa,0
2634,Nur Hasanah,suda bertahuntahun pake suda ribu kasi hadia,0
2636,Ayu jane,sumpah kecewa banget app buka akun kupon potong tf uang batal pesan uang akun manipulasi data akun akal banget alas accomerce kasih bayar cust kasih bintang app gilak kecewa parah,0
2642,Awal 101,bayar batal otomatis,0
2651,Yudi chanell Wahyudi,nyuruh doang hadeuhh ajhh nyh,0
2652,Arif Arif,taik apdedt cuman nipu doang bukti,0
2672,Fery Sandria,sistem lelet yasush dibukatolong bos,0
2674,Zakia Fjr,hadiah vocer blanj klaim bukti ad nambh beban instal,0
2683,Pani Adiba,paksa menggangu iklan,0
2685,Nur Cahyati,mudah pilih paham deskripsinya,0
2686,Sri Wulandari,bodoh bodoh dowload kecewa,0
2704,Wastam aja,login otp malas slalu buka lapak belah ribet,0
2712,Iwan Dariwan,gara toka hapus respon,0
2726,Tri Mulyana,pilih mending shoppe serius nanya duhhh rugi,0
2727,Rizky Suryansyah,install inipesanan gwaa batalin duit balikin tetep kaga pakepenipuu bisaa gausah nipuu bayar batalin asw emang,0
2729,Catur Prakoso,notifikasi google dapet voucher xxxxxx suruh app buka ad hadiah ngapusi asuuuu parah parah parah,0
2731,Nafisah Sekar,pesan rp batal,0
2735,Dikdik Mulyadani,transaksi bbrp error,0
2741,Aqila Kanza,aktif pakai masukin tolol,0
2743,Dede Supriatna,hapus coba,0
2746,chelsea timothy,kode otp kirim systemnya jelek banget,0
2750,Shinta Sadewo,bayar item jemur,0
2754,Ivent Effendy,panen telur susah dibukatolong,0
2755,Euis Kartini,knapa pilih bayar selaluuuuu halaman web sedia knapa error terusjd pilih bayar tetep bisacenaherrtimedout tokopediakeluhanku cepat responsehingga mantulllll,0
2758,Iman Dole,gagal saldo terpotong arghhhhh,0
2761,Yuliana Yuliana,parah tokopediasaya top up ribu tpi saldo rp parah bngat,0
2764,Pita Ayu Azari,diskon tinggal bayar batalin rugi uang layana alfamart bohong akun coba melulu,0
2767,Julian TV,gua langgan setia tpi klik pilih bayar eror blank mulu gua pindah shopee,0
2771,algis derian,rugi gue lma kya transaksi gue batalin rugi gue batalin transaksi mimikirn rugi engga kasih konfirmasi batalina rugi gue rugii maen batalin mna potong duit gue nyesel gue pke,0
2778,nasrullah jalil,salah pilih ditokopedia barangnye bagus bagus asiknye cod repot pokonye maju,0
2788,Galih Darwanto,cashback mantaaap eror muncul maaf program shake shakegitu ganggu,0
2790,Yusuf Witwicky,anak muda gan,0
2793,Sabar Yustinus Siallagan,butuh samping,0
2794,Anto Satriani,mantepmempermudah pandemi,0
2795,G855 PRO,ndownload gara gara dapet diamond ffml pubg percaya tipu,0
2806,taufik antok,opsi pilih pandemi,0
2809,yo lo,anjggw daftar dikirimin kode sms salin kode paste kode cocok,0
2812,Rizky Hasburrahman,dikit error cape bagus cuman gampang banget error tolong,0
2813,Novia Nurul,nggak gunaaa gabisa gabisa narik saldoku kembaliin uangkuh cepett bosen protes karna atur jidattt ngecewain customer gausahh pake ngeselin muluuuu jawabbb gue gue refund uang gue kerekening guee pokoknyaaa cepat ain hapus akun uda males pake aplikasiii hapus akun ajaaa apasihh semuaa gaada baless hahh,0
2814,ahaha,nyusahin sakit hapus sen obat pakai voucher gagal duit saldo voucher hilang emg nyusahin hapus kaga gunanyaa hapus,0
2818,Shaffa rina,muter muter susah payahhh,0
2822,Nita Indah,hadiah jt ambil blanjaan,0
2823,darmadi guntur,apl jelek,0
2826,Tierania Maghfirah,php doang belah,0
2834,syauqi SH,untung doang akun pesan batal sad,0
2841,RN17,gapernah kecewa tingkat,0
2844,Muhammad Aska rizqy,jelek bet milih proses bayar eror mulu,0
2846,RohiM Y.T,pesan batal kecewa banget,0
2850,resep usaha,market place susaah buka periksa jaring wifi kenceng setan,0
2851,muh. Ashari27,milik berita sistem cod rugi kurir beli tll paham sistem hapus sistem cod terimakasih,0
2855,Jay Slow,susah,0
2859,Marsha Sandi,buruk layan,0
2863,Alan Musmualim,kasih notifikasi ganggu uninstall fahami,0
2867,Gugun Gunawan,mlh gagal,0
2870,Haikal arif,apan suruh daftar ud dafta pake kode ud masuin kodeny dti apl msk taik,0
2883,Koplak,metode bayar gopay goto,0
2884,Tentang Indonesia,minimal murah belah ongkir tetaptokopedia kalah kasih murah langgan,0
2885,EVOS MANAY,asuuuuuu traktir pakai kode promo salah mulu bkiin lahbikin rugi kuota,0
2887,2 KDNL Channel,koq lot suka,0
2897,Jainal Bob,bohong,0
2905,M Irgi maulana,tolol iming iming hadiah suruh taii,0
2922,Rudal Herlambang,nggabisa pake promo cashback curang langgar,0
2925,Desti Ariyani,periksa ulas innalillahi first one ngalamin curang ribu tobat tobat dana kecewa beli gamau langgan tipu aktif dana ovodana nipu strategi marketing jahat olshop sejahat dnld apalag blnja dsn,0
2926,bonang alkhalifi,ko pake sihh,0
2935,muhamad tholib,bagus butuh,0
2937,Yusti Hanim,kasih kasih gabung,0
2938,ryachans ss,order batal sistem salah pindah shopee,0
2953,Fazri.13,boss knapa susah screenshoot hambat,0
2960,Lasmi 123,kecewa banget beli pulsa pulsanya dana potong pulsa,0
2961,Alfonsus Andreas Halim,error,0
2966,Siti Fatimah,cuman gara gara anak suruh dukung pacar nana,0
2983,Bezaleel prawira,jelek banget aplod resep obat susah jelek cs muas jelek layan,0
2985,james anderson,kasih bintang baca tipu google cahari cahari sayadan hadiahdan diarahkannya mengklik alamt ternya donload teraebut cari hadia tersebutternyata adasangat kecewa paksa menginstal aplkasi carah tipu,0
2986,ysrisngmlr,setia kalah bisad,0
2988,Farida Fauzie,cari google muncul kalimat voucher jt,0
2992,Marnesch Budiman,ambil,0
2997,Ana Rosdiana,suruh doank ngga,0
3003,Samurai Bangsad,bagusss payahkatanya hadiahseteleh apl nga hadiahnyadasar apl tipu nga lagijangan downloadyg pnya apli bohong,0
3008,gani lesmana,bantu penuh butuh pribadi,0
3014,Iktiar Sejalan,bangkrut kuat cuman,0
3015,Triyo Ruslie,ribet ganti,0
3017,Adi Pangestu,minus okr lbih mhl dri brng,0
3024,IQBAL MAULANA,beli sistem cod gagal kirim nunggu sen minggu jumat nunggu marah marah sabar sen sesuai,0
3027,sajjad ajjad,bintng cari palsu,0
3030,dini nuriati,jelek parah order batal layan sangaat muas mending belah sni drpada kesel,0
3034,Nurhayati Sinaga,gabung niat bener,0
3045,JuanR Gaming,nyoba jarang tipu belah tipu,0
3048,Abu Fauzan,bagus butuh sedia,0
3050,Meliyanti Ibrahim,pilih utama,0
3053,Gunawan Argantayuda,ngehe emang knapa transaksi batal,0
3054,Siska Rolani,rp stok gilir stok ambil kupon diskon jga gunain,0
3062,Pardani Putra,favorit asli indonesia nyesal,0
3075,Reni Andriyani,butuh gampang ribet aman,0
3076,nafisa Maulana,hebat bukti uang rp,0
3090,hello guys,jelek norak mending shopee banding rumit pusing,0
3092,Wahyu Putra,jual gajelas beli mala batal transaksi selesai,0
3094,Daimio 17,stok msih posting brndany stok msih bgtu order stok kosong,0
3106,Iniq,komplek dibatalin pesan parah tipu beda beda beda alamat parah,0
3121,goblok kerss,maap bintang prank sma,0
3124,zul fiandi,flash sale msuk akal stok stok bodoh,0
3130,siti liza,bebas bayar batal sistem langgar akun transaksi,0
3133,Hendri 00,bohong undian tolong ganti pulsa,0
3141,Adelia Septiani,plisss pembayarannya sistem codsma make kartu ituu,0
3151,Pengguna Google,tolong seringsering setia menggangu tks,0
3154,Epita Sesilia Sinuraya,kecewaudah usaha order batal,0
3155,Mazaya Hann,tolong sistem cod layan susah banget nemu rating bagus sistem bayar codkarna pandemi rumah ajatolong perhati tipu,0
3170,Lidiya Rohadatul,parah gue nct dream doang,0
3186,Wahyu Susanto,metode bayar pakai gopay merger,0
3189,Anton Sadewo,sesuai ekspektasi rp bebas ongkir ad biaya pengirimanapk kuq konsekuengk,0
3190,S. Andi,bodoh ditransfer notif batal order order sampah,0
3201,Denny Rean,kecewa tokpedjual beli retur tpi lagidn uangpun adtokopedia kepembeli bukti minus dri bukti unboxing utuh pnjual tekan mlampirkan buktigak mikir dbuka siang dikomplen malam brantakan balikin dagang uang saldo,0
3213,Yayang Koswara,flash sale nipu nomor briva bayar ngilang bayar susah checkout nipu,0
3228,Milan meilany,bagushebatlah bebas ongkir nyaga ribet,0
3238,Boarto Bapaknya dolla,wib temallun ampas pajak naek pocer rendah,0
3257,dra malik,jelek bange layan bagus belah,0
3258,rahayu esa,promo rupiah bohong dipake transaksi batal sistem karna barupadahal instalasi copot,0
3261,Bagas Jatimekar,jelek pake voucher metode bayar cod jelek mutu mending pindah belah,0
3262,Hera Putri,kecewa koq transaksinya batal,0
3264,Bambang Sigit,line cepat bebas ongkir tks,0
3265,Hera wati,kasih bintangnya sya paksa apl,0
3274,yusran yus,butuh berita,0
3275,Agus Pratomo,panen telury curang gagal mending kelonin bini badan,0
3276,My beloved cais,kecewa banget beli batal uang paraaaahhhhh,0
3280,Sidik Setiawan,males komen pda jelek ceria badan ceria salah mending bca ajah bakar buku tabung bri kecwa,0
3282,Alan Nurdian,puasa,0
3284,Fitriani Rahmaningsih,pake cod pake filter cod pake metode bayar codnya muncul kecewa,0
3302,Nicky Pattinasarany,maksa,0
3303,Sasmito Adi,pesan dibatlkan penuh syarat tf batal,0
3305,totto channel,hadiah ambil,0
3307,D Creatorz,pembaruan verifikasi login diperangkat error push notifikasisms,0
3314,Noob# warrior,maaf kasar batal bahlul ente,0
3321,Eka Sari,jahat capek batal sok ujung sumpaj kesel banget,0
3322,Carles Efendi,ruwet benang layang order bisaketeranganya koneksi jaring batas transaksi batas order gara gara tokopedianya,0
3342,andie Zien,susah gangguang rumah knp susah,0
3344,Tv Anime,udh cek komen rem krna tokoped coba bener komenan td,0
3349,Pink19 Angel,edit bintang cashback jarang voucer grtis ongkir blnja gratis ongkir voucer kirim someday kpake game panen telur capek maeinin curi ilang mles ketoko belah blnjanya,0
3354,Lengob CH,eror rp,0
3365,Rosa Dwiangraini,daftar suruh verifikasi kode sms kode,0
3367,Budi Purnama,ambil promo lurang points saldo sisa ribu pulsa ribuny,0
3374,WAHYU HIDAYAT,mutu batal pesaan,0
3379,Z,bantu repot leluasa pilih belanjaan,0
3382,Andrew,maaf voucher google play diredeem tulis karna negara pdhl indo vpn kecewa kelas,0
3384,Islahudin Udin,buka tekan hadiahkemudian hoax ax ax ax,0
3388,Alu Card,hapus gara gara diskon dibatalin otomatis manipulasi data yakan aneh,0
3389,Agus Pe,promo bohong mending pilih shopee males pakai,0
3391,kasi yah,asli emasssnyaaaa karat boong hayuk palepapalepale,0
3411,hery ismanto,sarat penipuanadik order gagal alas langgar sk vcr orderini balasannyatdnya bintang lapor shoope,0
3416,Erna Sulistyawati,pesan bayar pake virtual account pesan batal jelek banget,0
3419,ELITIS,fitur cod saing tetangga belah,0
3421,Kemal Ardiansyah,beli batal jual uang engga dibalikin berharihari,0
3427,Qoqo Abdul,batal adil banget susah cari diskon ujung batal,0
3431,alan darma,gopay pls doang metode uang hasil mitos,0
3435,Fahri Priyanto,jelasgue relarela isi saldo ngepake voucher akun barueh tolak sistemduit dibalikintapi vouchernye ludes kepakemakasih tokpedgak make make lagidah,0
3437,Sulis Tianingsih,tukang tipuu transfer bayar cansel pemberitahuan uang saldo nominalnya ngga dipake hapus ngga ngga rugi promo ngeles,0
3440,Ika Riska,agk ribet ngerti,0
3458,Di fa,jelek dftr manipulasi,0
3466,Endang Pusparini,segitu dulukarena pake alaskan dipake pake nomor,0
3468,faujeight !,gokil beli gua,0
3473,Tiga Bersaudara500,sial tipu google iphone uang instal bohongmana hadiah adaa cari uang bos,0
3478,bayu adji saputra,panen telur gajelas dikit dapet diskon telurnya curi doang begadangin pagi netes akal member gold prioritas yaudah uninstal,0
3483,Dzakira Esta fahima,jelek boonk hayukkk,0
3489,Rival Rizky,bebas ongkir versi web,0
3494,asep loempoer,abis apgred mslah susah konek pdhl sinyal kenceng,0
3503,lilikdj65,pandemi bantu tnpa hrus mendisplay jual,0
3505,Viron Bae,maaf sebelunnya kecewa dgan layanna pesan batal kecewa dgan pleayanan,0
3506,YudhaPratama *_*,bli batal sistem bayar transfer tnggung saldo jga,0
3512,Nor Fatimah,buruk,0
3538,Galang Putra,jahat banget sen dibatalin gabisa tarik saldo uang sisa segitunya tolong,0
3544,Bisha Abiasha,keren ribet,0
3560,mr patrick,buruk order disni transaksi batal uang,0
3569,Nesty Arianhie,kirim kurir berkendala mulu nyampe kecawa bangetpdahal sngat butuh,0
3575,Azis Mgl,lumayan metode bayar cod gaada jasa antarnya cod pilih bayar gaada pilih cod,0
3576,Iyan Wala,jelek mesan batal sistem bayar cash cod nyesel,0
3580,Agni Sjakhya Putri,tari refund suruh masukin sandi sandinya,0
3583,Wendy Rahardhian,tampil inbox jelek pikir mudah butuh praktis ribet tanda baca klik notifikasi tampil jelek jujur ribet praktis,0
3588,Iqbal Irwansah,error,0
3592,jonson sitompul,bagus setia pakai initks,0
3594,Edi Junaedi,bayar cod pilih kurir sedia pilih cod bayar metode cod tolong,0
3597,Sugianto Varis17,php seller,0
3598,Fauzi Ramlan,sedih order cancel,0
3605,Khurin Ain,sistem pinter banget sial gabisa manipulasi diskonongkirnya,0
3645,Khusnul Fadilah,bayar error mulu ribet,0
3647,Shem Motor,hadiah suruh tebak kotak pilih ribu nyuruh akpikasi habisin kuata dapet,0
3650,Santi Susilawati,jamin ori,0
3653,Edward Flamingo,langgar batal cashback bukti kerala admin liat muter niat cashback iklan iming blibli id,0
3655,Diandra Rafan,eror beli,0
3662,resty budi utami,sihsaya cekout bayar eror trusskeseel,0
3666,Pabara Art,sayang item transaksai web,0
3667,Suyadi Yad,eks,0
3681,Wiwi 30,parahh langgan error ajar belah mudah persulit,0
3697,dimas agung,beda,0
3700,Irsan djohan GM,ribet kupon,0
3701,vero namel,jujur bingung menganti metode pemabayaran pesan batal ganti metode bayar kuponvocerpromo hangus commerce batal kuponvocer,0
3703,Nugroho Lukas,salah server muncul tulis pake instal ulang,0
3709,Risman Abdul Gany,sistem jalan optimal fitur pakai maksimal eror,0
3710,Lailatul Fitriah,cekout time aneh srenshoot layar hitam males coba web ko,0
3711,shinta widyastuti,pilih lengkap kendala ganggu,0
3713,Udhy Vodka,parah bngt udh suruh apdet maksa udh apdet cashhback cair parah parahsering timeout jga,0
3714,Bhoedy Rahayu,suruh downloaddapetduitduitnya dmnag,0
3717,Aristianus Igang,cek saldo selamt,0
3735,Adam Putra,bingung bingung putar roda ndak nyambung hadiah cma bingung hapus jak,0
3736,ilham rafi,recommended beli kecewa ui ux jamin,0
3737,beni rifanto,dongo batal nunggu putus jual jual proses customer nunggu produk butuh balikin kaya batal customer batal cs nunggu ad cashback,0
3738,Mumuh Suhara,screenshot hadeeeh susah info admin transfer pilih copas rek paraaaah,0
3766,judi Tri,bayar via cod batas minggu transaksi lazada batas ratus item saing systemnya payah maju slogan indah slogan,0
3771,Momo Encuz,konyol tawar promo promo dipake sistem batal otomatis tuduh curang langgar minim dukung sistem cod,0
3772,Gemar Sinau,beli pulsa gagal,0
3778,Roy Atkinson,jelek cashback tutup,0
3780,zulfa latief,nomor kontak terdaptar hilang pakai email kaga munsti kompiermasi pia tlpnudah ilang kompiermasinya ganti nomor tlpn susah banget bener bener ribet banget pakai email bukti syah bener ribet pakai mending unistal sajamenuh menuhin simpan,0
3785,Muhammad Rudi,hay rencana pilih tampil mode gelap malam sosmed,0
3788,Risda Rosanti,segitu bagus,0
3795,Edi Tea,coba pinjem onlen data,0
3797,Zahra khairunnisa,jelek negeri,0
3802,Herdis 85,ativasi ko gagal,0
3813,gilang ginanjar,susah bayar tagih,0
3815,Tukang Push,pusing user interface,0
3817,Rahmat Fadilah,awokawok bantal kapuk,0
3822,Risman Leo,iklan ganggu,0
3823,Tata Sumitra,butuh layan trbaik,0
3828,adhitya permana,program cashback ilang power merchant cashback official store tokobadut,0
3835,Dasti Noverlia,donlod karna hadir idola syaa baguss banget nihh,0
3837,Eka Goldin zyanhanif,jual buah potong ribu bayarin ongkir driver goblog aplikasibuktinya ramein pantesan dagang rugi nombokin ongkir parah,0
3841,Rudi Hartono,diupdate ngga ambil screenshot nerangin langgan pembayaranpemesanan repot,0
3842,Ing Hwa Oey,payah rugi konsumen tunggu order proses uang cancel proses,0
3847,C,pakai bayar tagih listrik semenjak fitur points beli tagih listrik tokopoints bayar tagih parah tolong ubah bayar tagih mending pindah belah,0
3853,Anasa Ramadhan,semenjak goto pickup pake instant kurir pickup rugi beli kaya,0
3859,Miftakur Rohman,bagus cek hapus data login ulang,0
3872,arsyila putri,cinta karya anak bangsa setia baiksukses,0
3873,ARIF 0501,susah bayar cod,0
3875,MiK Neon Box Huruf Timbul & Variasi Cutting Sticker,mik neon box huruf timbul variasi cutting sticker mantab,0
3876,Uki Ramdani,tawarin rupiah cek tetep beli mahal lazada shopy,0
3878,Rosnila Hura,pesan batal uang kerekening,0
3884,stevy steven,gabung maret transaksi rutin member gold susah voucher cashback,0
3885,michael chandra,ngambil batal udh diperbaikin ditambahin bintangnya,0
3886,Ahmad Mufidun,beli pulsa telkomsel jam gagal,0
3890,Lili Ana,jelek,0
3900,Lina Yuliana,bayar timeout asli jelek commerce terjelek otw ecommerce,0
3903,Revi Nawal Ramdani,olshop buruk udh belii kebatal cekot,0
3904,ari awan,monyetjangan masalahnyasekarang cari transaksi susah mendem dalem semuamonyet,0
3909,Haerudin Hae,anggota bem ambil hadiah vocer sya,0
3910,Ayah Dhara,sorry orange user friendly promo,0
3924,Bastian Dpr,sorry kasih bintang akun suami blokir,0
3929,M Ridwan Maulana,lumayan tpi harga toki belah hehege,0
3937,Rod Ody,kasih bintang bisah dicleam hadia sayaini bohong baget,0
3942,Wulan Septiyanti,beli pulsa pulsa listrik gagal payah,0
3950,ardhita rizki Angganararas,semenjak gabung goto pelit cashback mending gabung,0
3951,Qintan Parama,jelek masak bayar tibatiba batal salah pantesan komennya jelek uang bayar dikembalikannya niat tutup,0
3955,Risma Novita,parahhhhh masukin kode vocer,0
3959,Rikki Maulana,promo cashback udh adaganti grtis ongkir gojekga banget make belah karna cashbacksekarang udh cashback males transaksi,0
3965,Ricko Andreas Halawa,brengsek promo iklan diselipin dimanamana ganggu nyaman,0
3969,EKO SANTOSO,alami turun pandemi kupon,0
3972,Budiman,mantab salah,0
3975,Rondauli Sihombing,kacau banget serasa tipu pakai vocher batal diberitahukan vocher ilang,0
3976,retni rahadian,pilhan cari kwalitas bagus,0
3985,Hudi Saroni,bantu pandemi makas,0
3995,Fonky Al-JAYASINGA,korups mainin jarak maps yaxbuyer akurat kasi titik rubah seller instan expres dimanifulasi sameday salah prosedur lalin tuntut hukum atur berat dimensi,0
4002,Heni Prasetiowati,parah banget ribet banget narik saldo lanjur ditransfer batal kapok nyoba dapet first impression buruk,0
4004,SUPRI supri,bantu cari butuh kasih kasih,0
4012,Muhammad Febby Aliyun Pratama,belah,0
4014,Komedi BOCAH,error,0
4015,zildjian Ahmad Farrel gamer java edition,pleas nyesel,0
4017,Boby 218,layan cs buruk solusi suruh tunggu batas,0
4020,bambang arif,berat responsif panen telornya error curang hilang poin,0
4030,Danil Suhendi,cashback ubah hilang andal karna cashback mending pindah belah edit ulas karna lucu liat komen chandra point dipake full cobain sono bijak cashback point punah alias hapus lari belah belah untung,0
4033,Bangga Morahita,php udh bayar dbatalin vocer dungu dunguuu gamau rugi notif sampah iyantata hati smart people instal smph,0
4040,anak klutuk,pilih cod cod,0
4046,Juni Cityzen,kecewalebih serba ribet,0
4048,Khoerul Fikri,blnja tf mlh batalin sma dasar tipu ambil uang btalin,0
4053,Ndaru Aji,ngga niat event gausah aneh aneh voucher batal pdhal ngapa ngapain pakai voucher pulsa gabisa pdhal pake beli voucher lancar lancar ngga batal event serius nipu dalih event,0
4055,anna smoechy,kecewa parah pesan batal,0
4060,Erik Wahyudi,ambil hadiah,0
4068,Antika Miss,tolong cek resi manual ekspedisi jt deteksi xjam bug,0
4084,Layla Maida,metode bayar bank bsi pakai mandiri bri syariah pilih bsi,0
4099,FH Dian,pake br kecewa pesan salah trz komplain uang harga ongkir layang pake ongkir sharusnya bebankan jual salah hitung ongkir dasar ongkir salah tanggung jual dagang bela beli bela makasih,0
4101,Ikbal Fauzan,traktiran penggguna hongkong dasar rugi peress gua order batalin gtu kupon gua angusin delet,0
4106,Karina Agustin,transaksi batalin karna langgar sk coba nyesel badan kuota,0
4109,Mohamad saekoni,dapet hadian dapet pemberitahuan suruh ngisi alamat alamat,0
4110,Nirwan Muhamad,menu cod kadangkadang jual cod tpi pilih bayar pilih cod,0
4114,adi adi,rumit orange tetep diskonnya,0
4120,Energi Hijau,udh bayar alfa cancel saldo tarik nyesel banget pantesan huuuhh,0
4150,Nurma Yunita,buruk layan lelet,0
4153,Andri Pratama,bagus bngt ngga nyesel,0
4155,Fathi Firdaus,bantu cari butuh bagus,0
4161,Safira Nuri,payah topedmasa same day nyampe ngapain promo ongkir gosend php doank,0
4164,Lusi Nayau,lusiana buka artikel facebook kado suruh pilih kado voucher kosong kosong ttus voucher ribu pake yapadahal kirim kode verifikasi tokopedianya kirim wattshap apakatanya member silver situ,0
4171,Borneo Adie,bingung metode bayar kyk tetangga belah ribetlah pokok,0
4172,Bless Deiki,suka susah belah lancar uda hapus cache tetep gabisa,0
4184,M.FATHUR ROZI,batal,0
4190,Putra nanggro aceh Aneuk aceh,hadiah klim ambil tipu,0
4196,Asep Andri,ambil hadiah,0
4204,FA-LIFE Channel,muat data salah server pdhal,0
4211,Kardi,udh tutup adajgn tampil,0
4216,Dnslsll Jdkdkddl,sampah jos shope shope best order gua cancel duit ilang cepat bangkrut ngambilij duit amin uninstall sampah,0
4218,Muhamad Amrulloh,promo tipu trx pulsa tipu najis,0
4219,Muchtar Fr,pilih metode bayar hang banget tunggu tampilannyaternyata notifnya habissaya gagal transaksi gara,0
4220,muh chodim,trimsuntuk kasih bintang karna gabung bantu mudah cari butuh,0
4231,tatan suntara,akun checkout gagal pembayaranlapor cs muter solusi,0
4235,Endy Pardina,ganggu gagal koneksi android,0
4241,eko septiawan,traktiran hoax,0
4258,Ifta Laily,pesan bayar alfa batal banget,0
4259,Muhammad Rifki,beli batal alas transaksi pdahal transaksi mksdnya batal fitur pajang doang tipu doang alam buruk,0
4263,Dapur umma Arka,dtrunin checkout eror mulu skrng pdhl bru,0
4264,Ikbal Apriana,parah semenjak merchant pro transaksi potong rugi jual,0
4270,sulaiman haikal,semenjak kirim instan sameday telat kirim mesan pake instan sameday,0
4271,dmrfky,job panen telur beli pulsa terusss,0
4273,Dedi Sutandi,mending shopee ribet eror bayar,0
4276,muhammad akhyar,pake app bodoh,0
4277,Nor Halifah,ko cod situ tulis cod bayar pilih cod,0
4280,Om Munir,jual batal ribet,0
4301,Sego Campur,alami batal bayar alam takkkan lupa,0
4311,Amin Muklis,izin lokasi apl ngelantur alamat tera ubah muter ganti hub,0
4316,Kang Ojek,login susah dana nyangkut kelar sms verifikasi uninstalll move kesebelah,0
4330,erika vanadis,bagus bebas ongkir,0
4332,Ikhsan_ 29,rusakfitur cod kota marketplace desa nyesel instal,0
4333,Batavia Sahrul,tampi ganggu,0
4336,Dwi Anggreini,lot,0
4344,Agus Thoriqul M,jual nggak stok,0
4345,Taufik Hidayat,susah dapet kurir goj,0
4347,Vina permata sari,tokoped banget trf beli je batal otomatis akn cekout promo ilang emg dana gajelas promo tbtb ilang bsa dpake uninstal mendg ttangga belah,0
4349,Yetti Lahade,hub kktp kembalihadiah manabinggung sysy hadiahtp buka googlesy hadiahdan klaime bohong,0
4353,Riri Ance Nainggolan,kesini voucher juta instal bohong ternyta strategi instal anying paksa banget,0
4365,Abun Ju,bagus susah sinyal bagus complain susah msuk,0
4366,Muhammad Khoirulm,coba dulujelek hapus,0
4372,Eliv Arbain,kurir sicepat anteraja lot gera kirim paket lambat mending lapak belah pake jne jt,0
4376,Muhamad Ade setyo aji,parah pesan pakai kurir instant driver pickup cancel gatau susah pakai,0
4381,Mutolib A .mutolib,jamin cepat,0
4384,Golem besi,buriktapi boong bagus banget,0
4394,Ecah Santika,kasih kode verifikasi masukin salah coba salah,0
4402,Alfiani Nurhasan,nhh suruh ngulang mlu udh ngulang dri nol tru,0
4404,koerawa 85,paylater belah,0
4405,Chandra Fachris Sandimas,buka pakai wifi error server data seluler aman,0
4413,Alfis Alimin,akun knapa batal langgar gtu alesan langgarkan,0
4417,Nur Azizah,kecewa karna checkout batal otomatis karna langgar tc identitas ngga identitas cuman alamat karna kakak responnya ngga beli kecewa berat mending belah,0
4423,Elsa Yuhu,beneran undian tpi,0
4425,Bara Wahyu,parah aliansi tindas driver palikasi ngga driver ngga jalan paket,0
4433,Saiful Amri,bayar pakai bank bsi pilih udh pake bank syariah bri mandiri bni info skrng merger nama bsi,0
4439,Meiy Kurnia,buruk beli dicancel mulu alas langgar tc mending pake belah ribet,0
4441,Abdul Mughni,maju kalah tetangga sebelahh sangatt bagus topp,0
4445,Siti Julia,kasih cashback official store pro pro pake cashback ngga merchant pro official store semenjak gabung ngga cashback hapus,0
4447,Gerry Pratama,pesan status cari kurir pesan sistem eror,0
4464,Kampleg 09,voucer tukar mampus kau,0
4478,Jetty Ivone Piri,mudah butuh,0
